COUNTRY,CITY,CC,MIC,INSTITUTION DESCRIPTION,ACCR.,WEB SITE,CONTINENT,COMMENT,WIKIPEDIA PAGE,TWITTER,LINKEDIN,FACEBOOK,LAST_UPDATE
AUSTRALIA,LANE COVE,AU,AWEX,AUSTRALIAN WOOL EXCHANGE,AWEX,www.awex.com.au,Océanie,,,https://twitter.com/woolexchange,,https://www.facebook.com/woolexchange,20/04/2021
AUSTRALIA,MELBOURNE,AU,AWBX,AUSTRALIAN WHEAT BOARD,AWB,www.awb.com.au,Océanie,,,,,,20/04/2021
AUSTRALIA,NEWCASTLE,AU,XNEC,STOCK EXCHANGE OF NEWCASTLE LTD,NSX,www.newsx.com.au,Océanie,,,,,,20/04/2021
AUSTRALIA,SYDNEY,AU,XASX,ASX OPERATIONS PTY LIMITED,ASX,www.asx.com.au,Océanie,,,,,,20/04/2021
AUSTRALIA,SYDNEY,AU,XSFE,SYDNEY FUTURES EXCHANGE LIMITED,SFE,www.sfe.com.au,Océanie,,,,,,20/04/2021
AUSTRALIA,SYDNEY,AU,XYIE,YIELDBROKER PTY LTD,none,www.yieldbroker.com,Océanie,,,,,,20/04/2021
FIJI,SUVA,FJ,XSPS,SOUTH PACIFIC STOCK EXCHANGE,SPSE,www.spse.com.fj,Océanie,,,,,,20/04/2021
NEW ZEALAND,AUCKLAND,NZ,XNEE,NEW ZEALAND FUTURES AND OPTIONS EXCHANGE,NZFOE,www.nzfoe.co.nz,Océanie,,,,,,20/04/2021
NEW ZEALAND,WELLINGTON,NZ,XNZE,NEW ZEALAND STOCK EXCHANGE,NZSE,www.nzx.com,Océanie,,,,,,20/04/2021
PHILIPPINE,PASIG CITY,PH,XPHS,"PHILIPPINE STOCK EXCHANGE, INC.",PSE,www.pse.org.ph,Océanie,,,,,,20/04/2021
VANUATU,VILA,WS,GXMA,GX MARKETCENTER,none,www.globaris.bind.ws,Océanie,,,,,,20/04/2021
ALBANIA,TIRANA,AL,XTIR,TIRANA STOCK EXCHANGE,none,www.tse.com.al,Europe,,,,,,20/04/2021
AUSTRIA,VIENNA,AT,XOTB,"OESTERREICHISCHE TERMIN- UND OPTIONENBOERSE, CLEARING BANK AG",OTOB,www.wienerborse.at,Europe,,,,,,20/04/2021
AUSTRIA,VIENNA,AT,XWBO,WIENER BOERSE AG,WBAG,www.wienerboerse.at,Europe,,,,,,20/04/2021
BELGIUM,BRUSSELS,BE,BLPX,BELGIUM POWER EXCHANGE,BLPX,www.belpex.be,Europe,,,,,,20/04/2021
BELGIUM,BRUSSELS,BE,BMTS,MTS BELGIUM,none,www.mtsbelgium.com,Europe,,,,,,20/04/2021
BELGIUM,BRUSSELS,BE,FRRF,FONDS DES RENTES / RENTENFONDS,none,www.nbb.be/rk/fonds.htm,Europe,,,,,,20/04/2021
BELGIUM,BRUSSELS,BE,MTSD,MTS DENMARK,none,www.mtsdenmark.com,Europe,,,,,,20/04/2021
BELGIUM,BRUSSELS,BE,MTSF,MTS FINLAND,none,www.mtsfinland.com,Europe,,,,,,20/04/2021
BELGIUM,BRUSSELS,BE,XBRU,EURONEXT BRUSSELS,EURONEXT,www.euronext.com,Europe,,,,,,20/04/2021
BELGIUM,LEUVEN,BE,XEAS,EASDAQ,none,www.easdaq.be,Europe,,,,,,20/04/2021
BOSNIA AND HERZEGOVINA,BANJA LUKA,BA,XBLB,BANJA LUKA STOCK EXCHANGE,none,www.blberza.com,Europe,,,,,,20/04/2021
BULGARIA,SOFIA,BG,XBUL,BULGARIAN STOCK EXCHANGE,BSE,www.bse-sofia.bg,Europe,,,,,,20/04/2021
CROATIA,VARAZDIN,HR,XVAR,"VARAZDIN STOCK EXCHANGE, THE",VSE,www.vse.hr,Europe,,,,,,20/04/2021
CROATIA,ZAGREB,HR,XZAG,"ZAGREB STOCK EXCHANGE, THE",none,www.zse.hr,Europe,,,,,,20/04/2021
CYPRUS,NICOSIA (LEFKOSIA),CY,XCYS,CYPRUS STOCK EXCHANGE,CSE,www.cse.com.cy,Europe,,,,,,20/04/2021
CZECH REPUBLIC ,PRAGUE,CZ,XPRA,"STOCK EXCHANGE PRAGUE CO. LTD, THE",PSE,www.pse.cz,Europe,,,,,,20/04/2021
CZECH REPUBLIC ,PRAGUE,CZ,XRMZ,RM-SYSTEM A.S.,RMS CZ,www.rmsystem.cz,Europe,,,,,,20/04/2021
DENMARK,COPENHAGEN,DK,DAMP,DANISH AUTHORISED MARKET PLACE LTD.,Dansk AMP,www.danskamp.dk,Europe,,,,,,20/04/2021
DENMARK,COPENHAGEN,DK,XCSE,COPENHAGEN STOCK EXCHANGE,none,www.cse.dk,Europe,,,,,,20/04/2021
DENMARK,COPENHAGEN,DK,XTRA,XTRAMARKED,none,www.xtramarked.dk,Europe,,,,,,20/04/2021
FINLAND,HELSINKI,FI,XFOM,FINNISH OPTIONS MARKET,FOM,www.som.fi,Europe,,,,,,20/04/2021
FINLAND,HELSINKI,FI,XHEL,THE HELSINKI STOCK EXCHANGE,none,www.hex.com,Europe,,,,,,20/04/2021
FRANCE,PARIS,FR,FMTS,MTS FRANCE SAS,none,www.mtsfrance.com,Europe,,,,,,20/04/2021
FRANCE,PARIS,FR,XFMN,SOCIETE DU NOUVEAU MARCHE,none,www.nouveau-marche.fr,Europe,,,,,,20/04/2021
FRANCE,PARIS,FR,XMAT,EURONEXT PARIS - MATIF,EURONEXT,www.euronext.com,Europe,,,,,,20/04/2021
FRANCE,PARIS,FR,XMLI,EURONEXT PARIS S.A. - MARCHE LIBRE,EURONEXT,www.euronext.com,Europe,,,,,,20/04/2021
FRANCE,PARIS,FR,XMON,EURONEXT PARIS - MONEP,EURONEXT,www.euronext.com,Europe,,,,,,20/04/2021
FRANCE,PARIS,FR,XPAR,EURONEXT PARIS S.A.,EURONEXT,www.euronext.com,Europe,Market opened since 1724,https://en.wikipedia.org/wiki/Euronext_Paris,https://twitter.com/euronext,https://www.linkedin.com/company/euronext/,None,20/04/2021
FRANCE,PARIS,FR,XPOW,POWERNEXT,none,www.powernext.fr,Europe,,,,,,20/04/2021
GERMANY,BERLIN,DE,XBER,BERLINER WERTPAPIERBOERSE,none,www.berlinerboerse.de,Europe,,,,,,20/04/2021
GERMANY,BERLIN,DE,XGAT,TRADEGATE AG,none,www.tradegate.de,Europe,,,,,,20/04/2021
GERMANY,BERLIN,DE,ZOBX,ZOBEX,ZOBEX,www.berlinerboerse.de,Europe,,,,,,20/04/2021
GERMANY,BREMEN,DE,XBRE,BREMER WERTPAPIERBOERSE,none,www.boerse-bremen.de,Europe,,,,,,20/04/2021
GERMANY,DUESSELDORF,DE,XDUS,RHEINISCHE-WESTFAELISCHE BOERSE ZU DUESSELDORF,none,www.boerse-duesseldorf.de,Europe,,,,,,20/04/2021
GERMANY,FRANKFURT,DE,XRTR,RTR (REUTERS-REALTIME-DATEN),RTR,,Europe,,,,,,20/04/2021
GERMANY,FRANKFURT ,DE,XEEE,EUROPEAN ENERGY EXCHANGE AG,none,www.eex.de,Europe,,,,,,20/04/2021
GERMANY,FRANKFURT ,DE,XETR,DEUTSCHER KASSENVEREIN AG GRUPPE DEUTSCHE BOERSE,XETRA,www.deutsche-boerse.com,Europe,,,,,,20/04/2021
GERMANY,FRANKFURT ,DE,XEUB,EUREX BONDS,none,www.eurex-bonds.com,Europe,,,,,,20/04/2021
GERMANY,FRANKFURT ,DE,XNEW,NEWEX,NEWEX,www.newex.com,Europe,,,,,,20/04/2021
GERMANY,FRANKFURT AM MAIN ,DE,ECAG,EUREX CLEARING AG,none,www.eurexchange.com,Europe,,,,,,20/04/2021
GERMANY,FRANKFURT AM MAIN ,DE,GMTS,MTS DEUTSCHLAND AG,none,www.mtsgermany.com,Europe,,,,,,20/04/2021
GERMANY,FRANKFURT AM MAIN ,DE,XEUP,EUREX REPO GMBH,none,www.eurexchange.com,Europe,,,,,,20/04/2021
GERMANY,FRANKFURT AM MAIN ,DE,XEUR,EUREX DEUTSCHLAND,none,www.eurexchange.com,Europe,,,,,,20/04/2021
GERMANY,FRANKFURT AM MAIN ,DE,XFRA,DEUTSCHE BOERSE AG,none,www.deutsche-boerse.com,Europe,,,,,,20/04/2021
GERMANY,HAMBURG,DE,XHAM,HANSEATISCHE WERTPAPIERBOERSE HAMBURG,none,www.boersenag.de,Europe,,,,,,20/04/2021
GERMANY,HANNOVER,DE,XHAN,NIEDERSAECHSISCHE BOERSE ZU HANNOVER,none,www.boersenag.de,Europe,,,,,,20/04/2021
GERMANY,HANNOVER,DE,XHCE,WARENTERMINBOERSE HANNOVER,none,www.wtb-hannover.de,Europe,,,,,,20/04/2021
GERMANY,MUENCHEN,DE,XMUN,BAYERISCHE BOERSE,none,www.boerse-muenchen.de,Europe,,,,,,20/04/2021
GERMANY,STUTTGART,DE,EUWX,EUWAX,EUWAX,www.euwax.de,Europe,,,,,,20/04/2021
GERMANY,STUTTGART,DE,XSTU,BADEN-WUERTTEMBERGISCHE WERTPAPIERBOERSE ZU STUTTGART,none,www.boerse-stuttgart.de,Europe,,,,,,20/04/2021
GREECE,ATHENS,GR,HDAT,ELECTRONIC SECONDARY SECURITIES MARKET (HDAT),HDAT,www.bankofgreece.gr,Europe,,,,,,20/04/2021
GREECE,ATHENS,GR,XADE,"ATHENS DERIVATIVES EXCHANGE S.A., THE",ADEX,www.adex.ase.gr/AdexHomeEN,Europe,,,,,,20/04/2021
GREECE,ATHENS,GR,XATH,ATHENS STOCK EXCHANGE,none,www.ase.gr,Europe,,,,,,20/04/2021
GUATEMALA,GUATEMALA,GT,XGTG,BOLSA DE VALORES NACIONAL SA,none,www.bvnsa.com.gt,Europe,,,,,,20/04/2021
"GUERNSEY, C.I.",ST.  PETER PORT,GG,XCIE,THE CHANNEL ISLANDS STOCK EXCHANGE,CISX,www.cisx.com,Europe,,,,,,20/04/2021
HUNGARY,BUDAPEST,HU,XBUD,BUDAPEST STOCK EXCHANGE,none,www.bet.hu,Europe,,,,,,20/04/2021
ICELAND,REYKJAVIK,IS,ISEC,ISEC (ICEX SECOND MARKET),isec,www.isec.is,Europe,,,,,,20/04/2021
ICELAND,REYKJAVIK,IS,XICE,ICELAND STOCK EXCHANGE,ICEX,www.icex.is,Europe,,,,,,20/04/2021
IRELAND,DUBLIN,IE,XDUB,IRISH STOCK EXCHANGE,ISE,www.ise.ie,Europe,,,,,,20/04/2021
IRELAND,DUBLIN,IE,XFNX,FINEX (NEW YORK AND DUBLIN),FINEX,www.finex.ie,Europe,,,,,,20/04/2021
ITALY,MILANO,IT,TLAB,TRADINGLAB TLX,TLX,www.tradinglab.it,Europe,,,,,,20/04/2021
ITALY,MILANO,IT,XDMI,ITALIAN DERIVATIVES MARKET,IDEM,www.borsaitalia.it,Europe,,,,,,20/04/2021
ITALY,MILANO,IT,XMIF,MERCATO ITALIANO FUTURES EXCHANGE,MIF,www.tesoro.it,Europe,,,,,,20/04/2021
ITALY,MILANO,IT,XMIL,BORSA ITALIANA S.P.A.,none,www.borsaitalia.it,Europe,,,,,,20/04/2021
ITALY,ROMA,IT,BOND,BONDVISION,none,www.bondvision.net,Europe,,,,,,20/04/2021
ITALY,ROMA,IT,MTSC,MTS S.P.A.,MTS Italy,www.mtsspa.it,Europe,,,,,,20/04/2021
LUXEMBOURG,LUXEMBOURG,LU,CCLX,CENTRALE DE COMMUNICATIONS LUXEMBOURG S.A.,CCLux,www.cclux.lu,Europe,,,,,,20/04/2021
LUXEMBOURG,LUXEMBOURG,LU,XLUX,LUXEMBOURG STOCK EXCHANGE,none,www.bourse.lu,Europe,,,,,,20/04/2021
LUXEMBOURG,LUXEMBOURG,LU,XVES,VESTIMA+,none,www.vestima.com,Europe,,,,,,20/04/2021
MACEDONIA,SKOPJE,MK,XMAE,MACEDONIAN STOCK EXCHANGE,none,www.mse.org.mk,Europe,,,,,,20/04/2021
MALTA,VALLETTA,MT,XMAL,MALTA STOCK EXCHANGE,none,www.borzamalta.com.mt,Europe,,,,,,20/04/2021
"MOLDOVA, REPUBLIC OF",CHISINAU,MD,XMOL,MOLDOVA STOCK EXCHANGE,none,www.moldse.md,Europe,,,,,,20/04/2021
"MONTENEGRO, REPUBLIC OF",MONTENEGRO,ME,XMNX,MONTENEGRO STOCK EXCHANGE,none,www.montenegroberza.com,Europe,,,,,,20/04/2021
NORWAY,OLSO,NO,NORX,NORD POOL,none,www.nordpool.com,Europe,,,,,,20/04/2021
NORWAY,OLSO,NO,NOTC,THE NORWEGIAN OVER THE COUNTER MARKET,NOTC,www.nfmf.no/NOTC/Default_en.htm,Europe,,,,,,20/04/2021
NORWAY,OLSO,NO,XIMA,INTERNATIONAL MARTIME EXCHANGE,IMAREX,www.imarex.com/home,Europe,,,,,,20/04/2021
NORWAY,OLSO,NO,XOAS,OSLO AXESS,none,www.osloaxess.no,Europe,,,,,,20/04/2021
NORWAY,OLSO,NO,XOSL,OSLO BORS,none,www.oslobors.no/ob/,Europe,,,,,,20/04/2021
POLAND,WARSAW,PL,CETO,MTS-CeTO S.A.,none,www.mts-ceto.pl,Europe,,,,,,20/04/2021
POLAND,WARSAW,PL,MTSP,MTS Poland,none,www.mtspoland.com,Europe,,,,,,20/04/2021
POLAND,WARSAW,PL,XWAR,WARSAW STOCK EXCHANGE,WSE,www.wse.com.pl,Europe,,,,,,20/04/2021
PORTUGAL,LISBOA,PT,MDIP,MEDIP,MEDIP,,Europe,,,,,,20/04/2021
PORTUGAL,LISBOA,PT,OPEX,PEX-PRIVATE EXCHANGE,OPEX,www.opex.pt/en/pex,Europe,,,,,,20/04/2021
PORTUGAL,LISBOA,PT,PMTS,"MTS PORTUGAL SGMR, SA",none,www.mtsportugal.com,Europe,,,,,,20/04/2021
PORTUGAL,LISBOA,PT,XLIS,EURONEXT LISBOA,EURONEXT,www.euronext.pt,Europe,,,,,,20/04/2021
ROMANIA,BUCHAREST,RO,XBRM,ROMANIAN  COMMODITIES EXCHANGE,BRM,,Europe,,,,,,20/04/2021
ROMANIA,BUCHAREST,RO,XBSE,BUCHAREST STOCK EXCHANGE,BVP,www.bvb.ro,Europe,,,,,,20/04/2021
ROMANIA,BUCHAREST,RO,XRAS,RASDAQ,RASDAQ,www.rasd.ro,Europe,,,,,,20/04/2021
ROMANIA,SIBIU,RO,BMFM,SC BURSA MONETAR-FINANCIERA SI DE MARFURI SIBIU,BMFMS,www.bmfms.ro,Europe,,,,,,20/04/2021
SERBIA (REPUBLIC OF),BELGRADE,RS,XBEL,BELGRADE STOCK EXCHANGE,none,www.belex.co.yu,Europe,,,,,,20/04/2021
SLOVAKIA,BRATISLAVA,SK,XBRA,"BRATISLAVA STOCK EXCHANGE, THE",BSSE,www.bsse.sk,Europe,,,,,,20/04/2021
SLOVAKIA,BRATISLAVA,SK,XRMS,SK RM-S (SLOVAK STOCK EXCHANGE),SK RM-S,www.rms.sk,Europe,,,,,,20/04/2021
SLOVENIA,LJUBLJANA,SI,XLJU,"LJUBLJANA STOCK EXCHANGE, INC.",none,www.ljse.si,Europe,,,,,,20/04/2021
SPAIN,BARCELONA,ES,XBAR,BARCELONA STOCK EXCHANGE,none,www.borsabcn.es,Europe,,,,,,20/04/2021
SPAIN,BARCELONA,ES,XBAV,"MERCHBOLSA AGENCIA DE VALORES, S.A.",none,,Europe,,,,,,20/04/2021
SPAIN,BARCELONA,ES,XMCE,MERCATO CONTINUO ESPANOL,none,www.bolsaymercados.es,Europe,,,,,,20/04/2021
SPAIN,BARCELONA,ES,XMEF,MEFF RENTA FIJA,MEFF,www.meff.com,Europe,,,,,,20/04/2021
SPAIN,BARCELONA,ES,XMRV,MEFF RENTA VARIABLE,MEFF,www.meffclear.com,Europe,,,,,,20/04/2021
SPAIN,BILBAO,ES,XBIL,BOLSA DE VALORES DE BILBAO,none,www.bolsabilbao.es,Europe,,,,,,20/04/2021
SPAIN,JAEN,ES,XSRM,"MERCADO DE FUTUROS DE ACEITE DE OLIVA, S.A.",MFAO,www.mfao.es,Europe,,,,,,20/04/2021
SPAIN,MADRID,ES,SMTS,"MTS SPAIN, S.A.",none,www.mtsspain.com,Europe,,,,,,20/04/2021
SPAIN,MADRID,ES,XDPA,CADE - MERCADO DE DEUDA PUBLICA ANOTADA,none,,Europe,,,,,,20/04/2021
SPAIN,MADRID,ES,XDRF,AIAF - MERCADO DE RENTA FIJA,none,www.aiaf.es/aiaf/index.home,Europe,,,,,,20/04/2021
SPAIN,MADRID,ES,XLAT,LATIBEX,none,www.latibex.com/esp/home.htm,Europe,,,,,,20/04/2021
SPAIN,MADRID,ES,XMAD,BOLSA DE MADRID,none,www.bolsamadrid.es,Europe,,,,,,20/04/2021
SPAIN,VALENCIA,ES,XVAL,BOLSA DE VALENCIA,none,www.bolsavalencia.es,Europe,,,,,,20/04/2021
SWEDEN,STOCKHOLM,SE,XNGM,NORDIC GROWTH MARKET,NGM,www.ngm.se,Europe,,,,,,20/04/2021
SWEDEN,STOCKHOLM,SE,XOME,OM STOCKHOLM EXCHANGE,OM,www.omxgroup.com,Europe,,,,,,20/04/2021
SWEDEN,STOCKHOLM,SE,XOMF,OM FIXED INTEREST EXCHANGE,OM,www.omxgroup.com,Europe,,,,,,20/04/2021
SWITZERLAND,BERNE,CH,XBRN,BERNE STOCK EXCHANGE,none,,Europe,,,,,,20/04/2021
SWITZERLAND,ZURICH,CH,XQMH,SWX QUOTEMATCH AG,none,www.alexchange.com,Europe,,,,,,20/04/2021
SWITZERLAND,ZURICH,CH,XSWX,SWISS EXCHANGE,SWX,www.swx.com,Europe,,,,,,20/04/2021
THE NETHERLANDS,AMSTERDAM,NL,AMTS,MTS AMSTERDAM N.V.,none,www.mtsamsterdam.com,Europe,,,,,,20/04/2021
THE NETHERLANDS,AMSTERDAM,NL,NLPX,APX POWER NL,none,www.apxgroup.com,Europe,,,,,,20/04/2021
THE NETHERLANDS,AMSTERDAM,NL,XAMS,EURONEXT AMSTERDAM,EURONEXT,www.aex.nl/aex.asp?taal=en,Europe,,,,,,20/04/2021
THE NETHERLANDS,AMSTERDAM,NL,XEUC,"EURONEXT COM, COMMODITIES FUTURES AND OPTIONS",EURONEXT,www.aex.nl/aex.asp?taal=en,Europe,,,,,,20/04/2021
THE NETHERLANDS,AMSTERDAM,NL,XEUE,"EURONEXT EQF, EQUITIES AND INDICES DERIVATIVES",EURONEXT,www.aex.nl/aex.asp?taal=en,Europe,,,,,,20/04/2021
THE NETHERLANDS,AMSTERDAM,NL,XEUI,"EURONEXT IRF, INTEREST RATE FUTURE AND OPTIONS",EURONEXT,www.aex.nl/aex.asp?taal=en,Europe,,,,,,20/04/2021
TRINIDAD AND TOBAGO,PORT OF SPAIN,TT,XTRN,TRINIDAD AND TOBAGO STOCK EXCHANGE,TTSE,,Europe,,,,,,20/04/2021
TURKEY,ISTAMBUL,TR,XIAB,ISTANBUL GOLD EXCHANGE,IAB,www.iab.gov.tr,Europe,,,,,,20/04/2021
TURKEY,ISTAMBUL,TR,XIST,ISTANBUL STOCK EXCHANGE,ISE,www.ise.org,Europe,,,,,,20/04/2021
TURKEY,IZMIR,TR,XTUR,TURKISH DERIVATIVES EXCHANGE,TURKDEX,www.turkdex.org.tr,Europe,,,,,,20/04/2021
UNITED KINGDOM,LONDON,GB,AIMX,ALTERNATE INVESTMENT MARKET,AIM,http://www.londonstockexchange.com/companies-and-advisors/aim/aim/aim.htm,Europe,,,,,,20/04/2021
UNITED KINGDOM,LONDON,GB,BTEE,BROKERTEC EUROPE LTD.,BTEC,www.btec.com,Europe,,,,,,20/04/2021
UNITED KINGDOM,LONDON,GB,CHIX,INSTINET CHI-X LTD.,CHI-X,www.instinet.com,Europe,,,,,,20/04/2021
UNITED KINGDOM,LONDON,GB,CMTS,EUROCREDIT,none,www.euromts.com,Europe,,,,,,20/04/2021
UNITED KINGDOM,LONDON,GB,CRDL,COREDEAL MTS,none,www.mtsgroup.org,Europe,,,,,,20/04/2021
UNITED KINGDOM,LONDON,GB,EMTS,EUROMTS,EMTS,www.euromts-ltd.com,Europe,,,,,,20/04/2021
UNITED KINGDOM,LONDON,GB,GEMX,GEMMA (Gilt Edged Market Makers’Association),GEMMA,,Europe,,,,,,20/04/2021
UNITED KINGDOM,LONDON,GB,IEPA,INTERCONTINENTAL EXCHANGE LTD. ,ICE,www.intcx.com,Europe,,,,,,20/04/2021
UNITED KINGDOM,LONDON,GB,IMTS,MTS IRELAND,none,www.mtsireland.com,Europe,,,,,,20/04/2021
UNITED KINGDOM,LONDON,GB,KMTS,EUROMTS LINKERS MARKET,none,www.euromts.com,Europe,,,,,,20/04/2021
UNITED KINGDOM,LONDON,GB,LMTS,EUROGLOBAL MTS,none,www.euromts.com,Europe,,,,,,20/04/2021
UNITED KINGDOM,LONDON,GB,MTSA,MTS AUSTRIAN MARKET,none,www.mtsaustria.com,Europe,,,,,,20/04/2021
UNITED KINGDOM,LONDON,GB,MTSG,MTS GREEK MARKET,none,www.mtsgreece.com,Europe,,,,,,20/04/2021
UNITED KINGDOM,LONDON,GB,NMTS,NEW EUROMTS,none,www.neweuromts.com,Europe,,,,,,20/04/2021
UNITED KINGDOM,LONDON,GB,NYMX,NYMEX EUROPE LTD.,none,www.nymexeurope.co.uk,Europe,,,,,,20/04/2021
UNITED KINGDOM,LONDON,GB,QMTS,MTS QUASI GOVERNMENT,none,www.euromts.com,Europe,,,,,,20/04/2021
UNITED KINGDOM,LONDON,GB,TMTS,EUROBENCHMARK TRES. BILLS,none,www.euromts.com,Europe,,,,,,20/04/2021
UNITED KINGDOM,LONDON,GB,TREU,TRADEWEB EUROPE LIMITED ,none,www.tradeweb.com,Europe,,,,,,20/04/2021
UNITED KINGDOM,LONDON,GB,UKPX,APX POWER UK,none,www.apxgroup.com,Europe,,,,,,20/04/2021
UNITED KINGDOM,LONDON,GB,UMTS,MTS CEDULAS,none,www.euromts.com,Europe,,,,,,20/04/2021
UNITED KINGDOM,LONDON,GB,XCOR,ICMA,none,www.icma-group.org,Europe,,,,,,20/04/2021
UNITED KINGDOM,LONDON,GB,XEDX,EDX LONDON LIMITED,none,www.londonstockexchange.com/en-gb/edx/about/about.htm ,Europe,,,,,,20/04/2021
UNITED KINGDOM,LONDON,GB,XLBM,"LONDON BULLION MARKET, THE",none,www.lbma.org.uk,Europe,,,,,,20/04/2021
UNITED KINGDOM,LONDON,GB,XLCE,THE LONDON COMMODITY EXCHANGE,LCE,www.londoncommoditiesexchange.com,Europe,,,,,,20/04/2021
UNITED KINGDOM,LONDON,GB,XLIF,EURONEXT.LIFFE,none,"www.euronext.com/home_derivatives/0,4810,1732_6391950,00.html",Europe,,,,,,20/04/2021
UNITED KINGDOM,LONDON,GB,XLME,LONDON METAL EXCHANGE,LME,www.lme.co.uk,Europe,,,,,,20/04/2021
UNITED KINGDOM,LONDON,GB,XLON,"LONDON STOCK EXCHANGE, THE",LSE,www.londonstockexchange.com,Europe,,,,,,20/04/2021
UNITED KINGDOM,LONDON,GB,XLTO,LONDON TRADED OPTIONS MARKET,LTOM,"www.euronext.com/home_derivatives/0,4810,1732_6391950,00.html",Europe,,,,,,20/04/2021
UNITED KINGDOM,LONDON,GB,XPLU,PLUS MARKETS GROUP,PLUS-TRADING,www.plus-trading.co.uk,Europe,,,,,,20/04/2021
UNITED KINGDOM,LONDON,GB,XVTX,VIRT-X,VIRT-X,www.virt-x.com,Europe,,,,,,20/04/2021
ARMENIA,YEREVAN,AM,XARM,ARMENIAN STOCK EXCHANGE,ARMEX,www.armex.am,Asie,,,,,,20/04/2021
AZERBAIJAN ,BAKU,AZ,XIBE,BAKU INTERBANK CURRENCY EXCHANGE,none,www.bbvb.org,Asie,,,,,,20/04/2021
BAHRAIN,MANAMA,BH,XBAH,BAHRAIN STOCK EXCHANGE,BSE,www.bahrainstock.com,Asie,,,,,,20/04/2021
BANGLADESH ,CHITTAGONG,BD,XCHG,CHITTAGONG STOCK EXCHANGE LTD.,CSE,www.csebd.com,Asie,,,,,,20/04/2021
BANGLADESH ,DHAKA,BD,XDHA,DHAKA STOCK EXCHANGE LTD,DSE,www.dsebd.org,Asie,,,,,,20/04/2021
BELARUS,MINSK,BY,BCSE,BELARUS CURRENCY AND STOCK EXCHANGE,BCSE,www.bcse.by,Asie,,,,,,20/04/2021
CHINA,DALIAN,CN,XDCE,DALIAN COMMODITY EXCHANGE,DCE,www.dce.com.cn,Asie,,,,,,20/04/2021
CHINA,SHANGHAI,CN,SGEX,SHANGHAI GOLD EXCHANGE,SGE,www.sge.sh,Asie,,,,,,20/04/2021
CHINA,SHANGHAI,CN,XCFE,CHINA FOREIGN EXCHANGE TRADE SYSTEM ,CFETS,www.chinamoney.com.cn,Asie,,,,,,20/04/2021
CHINA,SHANGHAI,CN,XSGE,SHANGHAI FUTURES EXCHANGE,SHFE,www.shfe.com.cn,Asie,,,,,,20/04/2021
CHINA,SHANGHAI,CN,XSHG,SHANGHAI STOCK EXCHANGE,none,www.sse.com.cn,Asie,,,,,,20/04/2021
CHINA,SHENZHEN,CN,XSHE,SHENZHEN STOCK EXCHANGE,none,www.szse.cn/main/en,Asie,,,,,,20/04/2021
CHINA,SHENZHEN,CN,XSME,SHENZHEN MERCANTILE EXCHANGE,none,,Asie,,,,,,20/04/2021
CHINA,ZHENGZHOU,CN,XZCE,ZHENGZHOU COMMODITY EXCHANGE,ZCE,www.czce.com.cn,Asie,,,,,,20/04/2021
ESTONIA,TALLINN,EE,XTAL,TALLINN STOCK EXCHANGE,none,www.hex.ee,Asie,,,,,,20/04/2021
GEORGIA,TBILISI,GE,XGSE,GEORGIA STOCK EXCHANGE,GSE,www.gse.ge,Asie,,,,,,20/04/2021
HONG KONG,HONG KONG,HK,XCGS,THE CHINESE GOLD & SILVER EXCHANGE SOCIETY,none,www.cgse.com.hk,Asie,,,,,,20/04/2021
HONG KONG,HONG KONG,HK,XGEM,HONG KONG GROWTH ENTERPRISES MARKET,HK GEM,www.hkgem.com,Asie,,,,,,20/04/2021
HONG KONG,HONG KONG,HK,XHKF,HONG KONG FUTURES EXCHANGE LTD.,HKFE,www.hkfe.com,Asie,,,,,,20/04/2021
HONG KONG,HONG KONG,HK,XHKG,"STOCK EXCHANGE OF HONG KONG LTD, THE",SEHK,www.sehk.com.hk,Asie,,,,,,20/04/2021
INDIA,BANGALORE,IN,XBAN,BANGALORE STOCK EXCHANGE LTD,none,www.karnataka.com/stock/bgse.shtml,Asie,,,,,,20/04/2021
INDIA,CALCUTTA,IN,XCAL,CALCUTTA STOCK EXCHANGE,none,www.cse-india.com,Asie,,,,,,20/04/2021
INDIA,DELHI,IN,XDES,DELHI STOCK EXCHANGE,none,business.vsnl.com/dse/,Asie,,,,,,20/04/2021
INDIA,MADRAS,IN,XMDS,MADRAS STOCK EXCHANGE,none,,Asie,,,,,,20/04/2021
INDIA,MUMBAI,IN,OTCX,OTC EXCHANGE OF INDIA,OTCEI,www.otcei.net,Asie,,,,,,20/04/2021
INDIA,MUMBAI,IN,XBOM,MUMBAI STOCK EXCHANGE,MSE,www.bseindia.com/index_op.htm,Asie,,,,,,20/04/2021
INDIA,MUMBAI,IN,XIMC,MULTI COMMODITY EXCHANGE OF INDIA LTD.,MCX,www.mcxindia.com,Asie,,,,,,20/04/2021
INDIA,MUMBAI,IN,XNCD,NATIONAL COMMODITY & DERIVATIVES EXCHANGE LTD.,NCDEX,www.ncdex.com,Asie,,,,,,20/04/2021
INDIA,MUMBAI,IN,XNSE,NATIONAL STOCK EXCHANGE OF INDIA,NSE,www.nseindia.com,Asie,,,,,,20/04/2021
INDONESIA,JAKARTA,ID,XBBJ,JAKARTA FUTURES EXCHANGE (BURSA BERJANGKA JAKARTA),none,www.bbj-jfx.com,Asie,,,,,,20/04/2021
INDONESIA,JAKARTA,ID,XJKT,JAKARTA STOCK EXCHANGE,none,www.jsx.co.id,Asie,,,,,,20/04/2021
INDONESIA,JAKARTA,ID,XJNB,JAKARTA NEGOTIATED BOARD,none,,Asie,,,,,,20/04/2021
INDONESIA,SURABAYA,ID,XSUR,SURABAYA STOCK EXCHANGE,none,www.bes.co.id,Asie,,,,,,20/04/2021
IRAN,TEHERAN,IR,XTEH,TEHERAN STOCK EXCHANGE,none,www.tse.ir,Asie,,,,,,20/04/2021
IRAQ,BAGHDAD,IQ,XIQS,THE IRAK STOCK EXCHANGE,ISX,www.isx-iq.net,Asie,,,,,,20/04/2021
ISRAEL,TEL AVIV,IL,XTAE,TEL AVIV STOCK EXCHANGE,TASE,www.tase.co.il,Asie,,,,,,20/04/2021
JAPAN,FUKUOKA,JP,XFFE,FUKUOKA FUTURES EXCHANGE,none,www.ffe.or.jp/,Asie,,,,,,20/04/2021
JAPAN,FUKUOKA,JP,XFKA,FUKUOKA STOCK EXCHANGE,none,www.fse.or.jp,Asie,,,,,,20/04/2021
JAPAN,NAGOYA,JP,XNGO,NAGOYA STOCK EXCHANGE,NSE,www.nse.or.jp/e/index.html,Asie,,,,,,20/04/2021
JAPAN,NAGOYA,JP,XNKS,CENTRAL JAPAN COMMODITIES EXCHANGE,C-COM,www.c-com.or.jp,Asie,,,,,,20/04/2021
JAPAN,OSAKA,JP,XHER,NIPPON NEW MARKET - HERCULES,HERCULES,hercules.ose.or.jp,Asie,,,,,,20/04/2021
JAPAN,OSAKA,JP,XKAC,KANSAI COMMODITIES EXCHANGE,KANEX,www.kanex.or.jp/14english/index-eng.htm,Asie,,,,,,20/04/2021
JAPAN,OSAKA,JP,XOSE,OSAKA SECURITIES EXCHANGE,OSE,www.ose.or.jp,Asie,,,,,,20/04/2021
JAPAN,OSAKA,JP,XOSJ,OSAKA SECURITIES EXCHANGE J-NET,J-NET,www.ose.or.jp/e/stocks/st-jn.html,Asie,,,,,,20/04/2021
JAPAN,OSAKA,JP,XOSM,OSAKA MERCANTILE EXCHANGE,OME,www.osamex.com,Asie,,,,,,20/04/2021
JAPAN,SAPPORO,JP,XSAP,SAPPORO SECURITIES EXCHANGE,none,www.sse.or.jp,Asie,,,,,,20/04/2021
JAPAN,TOKYO,JP,JASR,JAPAN CROSS (PTS),none,,Asie,,,,,,20/04/2021
JAPAN,TOKYO,JP,XJAS,JASDAQ SECURITIES EXCHANGE,JASDAQ,www.jasdaq.co.jp,Asie,,,,,,20/04/2021
JAPAN,TOKYO,JP,XTFF,"TOKYO INTERNATIONAL FINANCIAL FUTURES EXCHANGE, THE ",TIFFE,www.tfx.co.jp,Asie,,,,,,20/04/2021
JAPAN,TOKYO,JP,XTK1,TOKYO STOCK EXCHANGE - TOSTNET-1,none,www.tse.or.jp/english/cash/tostnet/index.html,Asie,,,,,,20/04/2021
JAPAN,TOKYO,JP,XTK2,TOKYO STOCK EXCHANGE - TOSTNET-2,none,www.tse.or.jp/english/cash/tostnet/index.html,Asie,,,,,,20/04/2021
JAPAN,TOKYO,JP,XTKO,TOKYO KOKUMOTSU SHOHIN TORIHIKIJO (GRAIN EXCHANGE),TGE,www.tge.or.jp,Asie,,,,,,20/04/2021
JAPAN,TOKYO,JP,XTKS,TOKYO STOCK EXCHANGE,TSE,www.tse.or.jp,Asie,,,,,,20/04/2021
JAPAN,TOKYO,JP,XTKT,TOKYO KOGYOIN TORIHIKIJO (COMMODITY EXCHANGE),TOCOM,www.tocom.or.jp/,Asie,,,,,,20/04/2021
JORDAN,AMMAN,JO,XAMM,AMMAN STOCK EXCHANGE,none,www.ammanstockex.com,Asie,,,,,,20/04/2021
KAZAKHSTAN,ALMA-ATA,KZ,XKAZ,KAZAKHSTAN STOCK EXCHANGE,KAZE,www.kase.kz/eng/,Asie,,,,,,20/04/2021
"KOREA, REPUBLIC OF",SEOUL,KR,KOCN,KOREA ECN SECURITIES CO. LTD (ATS),none,www.seoulfn.co.kr,Asie,,,,,,20/04/2021
"KOREA, REPUBLIC OF",SEOUL,KR,XKFE,KOREA EXCHANGE (FUTURES MARKET),KRX FM,http://fm.krx.co.kr/english/index.html,Asie,,,,,,20/04/2021
"KOREA, REPUBLIC OF",SEOUL,KR,XKOS,KOREA EXCHANGE (KOSDAQ),KOSDAQ,http://english.kosdaq.com,Asie,,,,,,20/04/2021
"KOREA, REPUBLIC OF",SEOUL,KR,XKRX,KOREA EXCHANGE (STOCK MARKET),KRX SM,http://sm.krx.co.kr/webeng/,Asie,,,,,,20/04/2021
KUWAIT,KUWAIT,KW,XKUW,KUWAIT STOCK EXCHANGE,none,www.kuwaitse.com,Asie,,,,,,20/04/2021
KYRGYZSTAN,BISHKEK,KG,XKSE,KYRGYZ STOCK EXCHANGE,KSE,www.kse.kg,Asie,,,,,,20/04/2021
LATVIA,RIGA,LV,XRIS,"RIGA STOCK EXCHANGE,THE",none,www.rfb.lv,Asie,,,,,,20/04/2021
LEBANON,BEYROUTH,LB,XBEY,BOURSE DE BEYROUTH,none,www.bse.com.lb,Asie,,,,,,20/04/2021
LITHUANIA,VILNIUS,LT,XLIT,NATIONAL STOCK EXCHANGE OF LITHUANIA,none,www.lt.omxgroup.com,Asie,,,,,,20/04/2021
MALAYSIA,KUALA LUMPUR,MY,XKLS,BURSA MALAYSIA,none,www.klse.com.my,Asie,,,,,,20/04/2021
MALAYSIA,KUALA LUMPUR,MY,XLOF,MALAYSIA DERIVATIVES EXCHANGE BHD,MDEX,www.mdex.com.my,Asie,,,,,,20/04/2021
MALAYSIA,KUALA LUMPUR,MY,XRBM,RINGGIT BOND MARKET,RBM,rmbond.bnm.gov.my,Asie,,,,,,20/04/2021
MALAYSIA,LABUAN,MY,XLFX,LABUAN INTERNATIONAL FINANCIAL EXCHANGE,LFX,lfxsys.lfx.com.my/index.asp,Asie,,,,,,20/04/2021
MONGOLIA,ULAAN BAATAR,MN,XULA,MONGOLIAN STOCK EXCHANGE,none,www.mse.mn,Asie,,,,,,20/04/2021
NEPAL,KATHMANDU,NP,XNEP,NEPAL STOCK EXCHANGE,none,www.nepalstock.com,Asie,,,,,,20/04/2021
OMAN,MUSCAT,OM,XMUS,MUSCAT SECURITIES MARKET,MSM,www.msm.gov.om,Asie,,,,,,20/04/2021
PAKISTAN,ISLAMABAD,PK,XISL,ISLAMABAD STOCK EXCHANGE,ISE,www.ise.com.pk,Asie,,,,,,20/04/2021
PAKISTAN,KARACHI,PK,XKAR,"KARACHI STOCK EXCHANGE (GUARANTEE) LIMITED, THE",KSE,www.kse.com.pk,Asie,,,,,,20/04/2021
PAKISTAN,LAHORE,PK,XLAH,LAHORE STOCK EXCHANGE,LSE,www.lahorestock.com,Asie,,,,,,20/04/2021
PALESTINIAN TERRITORY,NABLUS,PS,XPAE,PALESTINE SECURITIES EXCHANGE,PSE,www.p-s-e.com,Asie,,,,,,20/04/2021
QATAR,DOHA,QA,DSMD,DOHA SECURITIES MARKET,DSM,www.dsm.com.qa,Asie,,,,,,20/04/2021
RUSSIA,EKATERINBURG,RU,URCE,URALS REGIONAL CURRENCY EXCHANGE ,URCEX,www.urvb.ru,Asie,,,,,,20/04/2021
RUSSIA,MOSCOW,RU,RTSX,RTS STOCK EXCHANGE,RTS,www.rtsnet.ru,Asie,,,,,,20/04/2021
RUSSIA,MOSCOW,RU,XMIC,MOSCOW INTERBANK CURRENCY EXCHANGE,MICEX,www.micex.com,Asie,,,,,,20/04/2021
RUSSIA,MOSCOW,RU,XMOS,MOSCOW CENTRAL STOCK EXCHANGE,MCSE,www.mcse.ru/FORA/birggame.htm,Asie,,,,,,20/04/2021
RUSSIA,MOSCOW,RU,XRUS,"RUSSIAN EXCHANGE, THE",NDX,www.indx.ru,Asie,,,,,,20/04/2021
RUSSIA,NIZHNIY NOVGOROD ,RU,NNCS,NIZHNY NOVGOROD CURRENCY AND STOCKEXCHANGE CLOSE JOINT STOCK COMPANY,NCSE,www.nnx.ru/eng/deystv.htm,Asie,,,,,,20/04/2021
RUSSIA,NOVOSIBIRSK,RU,XSIB,SIBERIAN STOCK EXCHANGE,SIMEX,www.sse.nsk.su,Asie,,,,,,20/04/2021
RUSSIA,NOVOSIBIRSK,RU,XSIC,SIBERIAN INTERBANK CURRENCY EXCHANGE,SICEX,www.sice.ru,Asie,,,,,,20/04/2021
RUSSIA,ROSTOV,RU,XROV,ROSTOV CURRENCY AND STOCK EXCHANGE,RCSEX,www.rndex.ru,Asie,,,,,,20/04/2021
RUSSIA,SAINT-PETERSBURG,RU,XPET,ST. PETERSBURG STOCK EXCHANGE,SPBEX,www.spbex.ru,Asie,,,,,,20/04/2021
RUSSIA,SAINT-PETERSBURG,RU,XPIC,SAINT-PETERSBURG CURRENCY EXCHANGE,SPSEX,www.spcex.ru,Asie,,,,,,20/04/2021
RUSSIA,SAMARA,RU,XSAM,SAMARA CURRENCY INTERBANK EXCHANGE,SCIEX,www.sciex.ru,Asie,,,,,,20/04/2021
RUSSIA,VLADIVOSTOK,RU,XAPI,"ASIA-PACIFIC INTERBANK CURRENCY EXCHANGE, THE",APICEX,,Asie,,,,,,20/04/2021
RUSSIA,VLADIVOSTOK,RU,XVLA,VLADIVOSTOK (RUSSIA) STOCK EXCHANGE,VSX,,Asie,,,,,,20/04/2021
SAUDI ARABIA,RIJAD,SA,XSAU,SAUDI ARABIA STOCK EXCHANGE,none,www.tadawul.com.sa,Asie,,,,,,20/04/2021
SINGAPORE,SINGAPORE,SG,XSCE,SINGAPORE COMMODITY EXCHANGE,SICOM,www.sicom.com.sg,Asie,,,,,,20/04/2021
SINGAPORE,SINGAPORE,SG,XSES,SINGAPORE EXCHANGE,SGX,www.sgx.com,Asie,,,,,,20/04/2021
SINGAPORE,SINGAPORE,SG,XSIM,SINGAPORE EXCHANGE DERIVATIVES CLEARING LIMITED,SGX-DT,www.sgx.com,Asie,,,,,,20/04/2021
SRI LANKA,COLOMBO,LK,XCOL,COLOMBO STOCK EXCHANGE,none,www.cse.lk,Asie,,,,,,20/04/2021
SUDAN,KHARTOUM,SD,XKHA,KHARTOUM STOCL EXCHANGE,KSE,www.ksesudan.com,Asie,,,,,,20/04/2021
TAIWAN,TAIPEI,TW,ROCO,GRETAI SECURITIES MARKET,none,www.gretai.org.tw/e_index.htm,Asie,,,,,,20/04/2021
TAIWAN,TAIPEI,TW,XIME,TAIWAN INTERNATIONAL MERCANTILE EXCHANGE,TAIMEX,,Asie,,,,,,20/04/2021
TAIWAN,TAIPEI,TW,XTAF,TAIWAN FUTURES EXCHANGE,TAIFEX,www.taifex.com.tw,Asie,,,,,,20/04/2021
TAIWAN,TAIPEI,TW,XTAI,TAIWAN STOCK EXCHANGE,TSEC,www.tse.com.tw,Asie,,,,,,20/04/2021
THAILAND,BANGKOK,TH,TFEX,THAILAND FUTURES EXCHANGE,TFEX,www.tfex.co.th,Asie,,,,,,20/04/2021
THAILAND,BANGKOK,TH,XBKF,STOCK EXCHANGE OF THAILAND - FOREIGN BOARD,SET,www.set.or.th,Asie,,,,,,20/04/2021
THAILAND,BANGKOK,TH,XBKK,STOCK EXCHANGE OF THAILAND,SET,www.set.or.th,Asie,,,,,,20/04/2021
UKRAINE,DONETSK,UA,XDFB,DONETSK STOCK EXCHANGE,DFB,www.dfb.donbass.com,Asie,,,,,,20/04/2021
UKRAINE,KHARKOV,UA,XKHR,KHARKOV COMMODITY EXCHANGE,none,www.xtb.com.ua,Asie,,,,,,20/04/2021
UKRAINE,KIEV,UA,PFTS,FIRST SECURITIES TRADING SYSTEM - UKRAINIAN OTC,PFTS,www.pfts.com/ukr,Asie,,,,,,20/04/2021
UKRAINE,KIEV,UA,XKIE,KIEV UNIVERSAL EXCHANGE,none,www.kue.kiev.ua,Asie,,,,,,20/04/2021
UKRAINE,KIEV,UA,XKIS,KIEV INTERNATIONAL STOCK EXCHANGE,KISE,www.kise-ua.com,Asie,,,,,,20/04/2021
UKRAINE,KIEV,UA,XUAX,UKRAINIAN STOCK EXCHANGE,UKRSE,www.ukrse.kiev.ua,Asie,,,,,,20/04/2021
UKRAINE,KIEV,UA,XUKR,UKRAINIAN UNIVERSAL COMMODITY EXCHANGE,none,www.uutb.com.ua,Asie,,,,,,20/04/2021
UKRAINE,ODESSA,UA,XODE,ODESSA COMMODITY EXCHANGE,none,www.otb.odessa.ua,Asie,,,,,,20/04/2021
UKRAINE,PRIDNEPROVSK,UA,XPRI,PRIDNEPROVSK COMMODITY EXCHANGE,none,www.pce.dp.ua,Asie,,,,,,20/04/2021
UNITED ARAB EMIRATES ,ABU DHABI,AE,XADS,ABU DHABI SECURITIES MARKET,ADSM,portal.adsm.ae/wps/portal,Asie,,,,,,20/04/2021
UNITED ARAB EMIRATES ,DUBAI,AE,DGCX,DUBAI GOLD & COMMODITIES EXCHANGE DMCC,DGCX,www.dgcx.ae,Asie,,,,,,20/04/2021
UNITED ARAB EMIRATES ,DUBAI,AE,DIFX,DUBAI INTERNATIONAL FINANCIAL EXCHANGE LTD.,DIFX,www.difx.ae,Asie,,,,,,20/04/2021
UNITED ARAB EMIRATES ,DUBAI,AE,XDFM,DUBAI FINANCIAL MARKET,DFM,www.dfm.co.ae,Asie,,,,,,20/04/2021
UZBEKISTAN,TASHKENT,UZ,XCET,UNIVERSAL COMMODITY EXCHANGE 'TASHKENT',none,,Asie,,,,,,20/04/2021
UZBEKISTAN,TASHKENT,UZ,XCUE,THE UZBEKISTAN REPUBLICAN CURRENCY EXCHANGE,none,,Asie,,,,,,20/04/2021
UZBEKISTAN,TASHKENT,UZ,XKCE,KHOREZM INTERREGION COMMODITY EXCHANGE,none,,Asie,,,,,,20/04/2021
UZBEKISTAN,TASHKENT,UZ,XSTE,UZBEKISTAN STOCK EXCHANGE,UZSE,,Asie,,,,,,20/04/2021
UZBEKISTAN,TASHKENT,UZ,XUNI,UNIVERSAL BROKER'S EXCHANGE 'TASHKENT',none,,Asie,,,,,,20/04/2021
VIET NAM,HANOI,VN,HSTC,HANOI SECURITIES TRADING CENTER,Hanoi STC,,Asie,,,,,,20/04/2021
VIET NAM,HO CHI MINH CITY,VN,XSTC,VIETNAM STOCK EXCHANGE,none,,Asie,,,,,,20/04/2021
ARGENTINA,BUENOS AIRES,AR,XA1X,A1,none,a1.primary.com.ar,Amérique du Sud,,,,,,20/04/2021
ARGENTINA,BUENOS AIRES,AR,XBUE,BUENOS AIRES STOCK EXCHANGE,none,www.bcba.sba.com.ar,Amérique du Sud,,,,,,20/04/2021
ARGENTINA,BUENOS AIRES,AR,XMAB,MERCADO ABIERTO ELECTRONICO S.A.,MAE,www.mae.com.ar,Amérique du Sud,,,,,,20/04/2021
ARGENTINA,BUENOS AIRES,AR,XMEV,MERCADO DE VALORES DE BUENOS AIRES S.A.,MERVAL,www.merval.sba.com.ar,Amérique du Sud,,,,,,20/04/2021
ARGENTINA,BUENOS AIRES,AR,XMTB,MERCADO A TERMINO DE BUENOS AIRES S.A.,MAT,www.matba.com.ar,Amérique du Sud,,,,,,20/04/2021
ARGENTINA,CORDOBA,AR,XBCC,BOLSA DE COMERCIO DE CORBODA,none,www.bolsacba.com.ar,Amérique du Sud,,,,,,20/04/2021
ARGENTINA,MENDOZA,AR,XBCM,BOLSA DE COMMERCIO DE MENDOZA S.A.,none,www.bolsamza.com.ar,Amérique du Sud,,,,,,20/04/2021
ARGENTINA,ROSARIO,AR,XROS,BOLSA DE COMERCIO ROSARIO,ROFEX,www.bcr.com.ar,Amérique du Sud,,,,,,20/04/2021
BARBADOS,BRIDGETOWN,BB,XBAB,BARBADOS STOCK EXCHANGE,BSE,www.bse.com.bb,Amérique du Sud,,,,,,20/04/2021
BOLIVIA,LA PAZ,BO,XBOL,BOLSA BOLIVIANA DE VALORES S.A.,none,www.bolsa-valores-bolivia.com,Amérique du Sud,,,,,,20/04/2021
BRAZIL,RIO DE JANEIRO,BR,XBBF,BOLSA BRASILEIRA DE FUTUROS,BBF,http://www.bmfbovespa.com.br,Amérique du Sud,,,,,,20/04/2021
BRAZIL,RIO DE JANEIRO,BR,XRIO,BOLSA DE VALORES DO RIO DE JANEIRO,BVRJ,www.bvrj.com.br,Amérique du Sud,,,,,,20/04/2021
BRAZIL,RIO DE JANEIRO,BR,XSOM,SOCIEDADE OPERADORA DO MERCADO DE ATIVOS S.A.,SOMA,www.somativos.com.br,Amérique du Sud,,,,,,20/04/2021
BRAZIL,SAO PAULO,BR,XBMF,BOLSA DE MERCADORIAS E FUTUROS,BM&F,www.bmf.com.br,Amérique du Sud,,,,,,20/04/2021
BRAZIL,SAO PAULO,BR,XBSP,BOLSA DE VALORES DE SAO PAULO,BOVESPA,www.bovespa.com.br,Amérique du Sud,,,,,,20/04/2021
CAYMAN ISLANDS,GEORGETOWN,KY,XCAY,CAYMAN ISLANDS STOCK EXCHANGE,none,www.csx.com.ky,Amérique du Sud,,,,,,20/04/2021
CHILE,SANTIAGO,CL,XBCL,LA BOLSA ELECTRONICA DE CHILE,BOLCHILE,www.bolchile.cl,Amérique du Sud,,,,,,20/04/2021
CHILE,SANTIAGO,CL,XSGO,SANTIAGO STOCK EXCHANGE,none,www.bolsadesantiago.com,Amérique du Sud,,,,,,20/04/2021
COLOMBIA,BOGOTA,CO,XBOG,BOLSA DE VALORES DE COLOMBIA,BVC,www.bvc.com.co,Amérique du Sud,,,,,,20/04/2021
COSTA RICA,SAN JOSE,CR,XBNV,"BOLSA NACIONAL DE VALORES, S.A.",BNV,www.bnv.co.cr,Amérique du Sud,,,,,,20/04/2021
DOMINICAN REPUBLIC,ST DOMINGO,DO,XBVR,BOLSA DE VALORES DE LA REPUBLICA DOMINICANA SA.,BVRD,www.bolsard.com,Amérique du Sud,,,,,,20/04/2021
ECUADOR,GUAYAQUIL,EC,XGUA,GUAYAQUIL STOCK EXCHANGE,none,www.mundobvg.com,Amérique du Sud,,,,,,20/04/2021
ECUADOR,QUITO,EC,XQUI,QUITO STOCK EXCHANGE,none,www.ccbvq.com,Amérique du Sud,,,,,,20/04/2021
EL SALVADOR,EL SALVADOR,SV,XSVA,EL SALVADOR STOCK EXCHANGE,none,www.bves.com.sv,Amérique du Sud,,,,,,20/04/2021
HONDURAS,SAN PEDRO SULA ,HN,XHON,"HONDURIAN STOCK EXCHANGE, THE",BVH,www.bhv.hn,Amérique du Sud,,,,,,20/04/2021
HONDURAS,TEGUCIGALPA,HN,XBCV,BOLSA CENTROAMERICANA DE VALORES S.A.,BCV,www.bcv.hn,Amérique du Sud,,,,,,20/04/2021
JAMAICA,KINGSTON,JM,XJAM,"JAMAICA STOCK EXCHANGE, THE",none,www.jamstockex.com/,Amérique du Sud,,,,,,20/04/2021
NICARAGUA,MANAGUA,NI,XMAN,BOLSA DE VALORES DE NICARAGUA,none,www.bolsanic.com,Amérique du Sud,,,,,,20/04/2021
PANAMA,PANAMA,PA,XPTY,"BOLSA DE VALORES DE PANAMA, S.A.",BVP,www.panabolsa.com,Amérique du Sud,,,,,,20/04/2021
PARAGUAY,ASUNCION,PY,XVPA,BOLSA DE VALORES Y PRODUCTOS DE ASUNCION SA,BVPASA,www.bvpasa.com.py,Amérique du Sud,,,,,,20/04/2021
PERU,LIMA,PE,XLIM,BOLSA DE VALORES DE LIMA,BVL,www.bvl.com.pe,Amérique du Sud,,,,,,20/04/2021
SAINT KITTS AND NEVIS,BASSETERRE,KN,XECS,EASTERN CARIBBEAN SECURITIES EXCHANGE,ECSE,www.ecseonline.com,Amérique du Sud,,,,,,20/04/2021
URUGUAY,MONTEVIDEO,UY,XMNT,BOLSA DE VALORES DE MONTEVIDEO,BVMT,www.bolsademontevideo.com.uy,Amérique du Sud,,,,,,20/04/2021
VENEZUELA,CARACAS,VE,XCAR,BOLSA DE VALORES DE CARACAS,none,www.bolsadecaracas.com,Amérique du Sud,,,,,,20/04/2021
BAHAMAS,NASAU,BS,XBAA,BAHAMAS INTERNATIONAL SECURITIES EXCHANGE,BISX,www.bisxbahamas.com,Amérique du Nord,,,,,,20/04/2021
BERMUDA,HAMILTON,BM,XBDA,"BERMUDA STOCK EXCHANGE LTD, THE",BSX,www.bsx.com,Amérique du Nord,,,,,,20/04/2021
CANADA,MONTREAL,CA,XMOD,MONTREAL EXCHANGE THE / BOURSE DE MONTREAL (OTIONS AND OTHER DERIVATIVES),CDE,www.m-x.ca,Amérique du Nord,,,,,,20/04/2021
CANADA,TORONTO,CA,CANX,CANNEX FINANCIAL EXCHANGE LTS.,CANNEX,www.cannex.com,Amérique du Nord,,,,,,20/04/2021
CANADA,TORONTO,CA,PURE,PURE TRADING,none,www.puretrading.ca,Amérique du Nord,,,,,,20/04/2021
CANADA,TORONTO,CA,XCNQ,CANADA'S NEW STOCK EXCHANGE (CANADIAN TRADING AND QUOTING SYSTEM INC.),CNQ,www.cnq.ca,Amérique du Nord,,,,,,20/04/2021
CANADA,TORONTO,CA,XTSE,TORONTO STOCK EXCHANGE,TSE,www.tse.com,Amérique du Nord,,,,,,20/04/2021
CANADA,TORONTO,CA,XTSX,TSX VENTURE EXCHANGE,TSX,www.tsx.com,Amérique du Nord,,,,,,20/04/2021
CANADA,VANCOUVER,CA,XTNX,TSX VENTURE EXCHANGE - NEX,NEX,www.tsx.com/en/nex/index.html,Amérique du Nord,,,,,,20/04/2021
CANADA,WINNIPEG,CA,XWCE,"WINNIPEG COMMODITY EXCHANGE, THE",WCE,www.wce.ca,Amérique du Nord,,,,,,20/04/2021
MEXICO,MEXICO,MX,XEMD,MERCADO MEXICANO DE DERIVADOS,MEXDER,www.mexder.com.mx,Amérique du Nord,,,,,,20/04/2021
MEXICO,MEXICO,MX,XMEX,BOLSA MEXICANA DE VALORES (MEXICAN STOCK EXCHANGE),none,www.bmv.com.mx,Amérique du Nord,,,,,,20/04/2021
UNITED STATES OF AMERICA,BOSTON,US,LEVL,LEVEL ATS,LEVEL,www.levelats.com,Amérique du Nord,,,,,,20/04/2021
UNITED STATES OF AMERICA,BOSTON,US,XBOS,BOSTON STOCK EXCHANGE,BSE,www.bostonstock.com,Amérique du Nord,,,,,,20/04/2021
UNITED STATES OF AMERICA,BOSTON,US,XBOX,BOSTON OPTIONS EXCHANGE,BOX,www.bostonoptions.com,Amérique du Nord,,,,,,20/04/2021
UNITED STATES OF AMERICA,CHICAGO,US,FCBT,CHICAGO BOARD OF TRADE (FLOOR),CBOT (FLOOR),www.cbot.com,Amérique du Nord,,,,,,20/04/2021
UNITED STATES OF AMERICA,CHICAGO,US,FCME,CHICAGO MERCANTILE EXCHANGE (FLOOR),CME (FLOOR),www.cme.com,Amérique du Nord,,,,,,20/04/2021
UNITED STATES OF AMERICA,CHICAGO,US,THRD,THE THIRD MARKET CORPORATION,eTHRD,www.ETHRD.COM,Amérique du Nord,,,,,,20/04/2021
UNITED STATES OF AMERICA,CHICAGO,US,XCBF,CBOE FUTURES EXCHANGE,CFE,www.cboe.com/cfe/index.asp,Amérique du Nord,,,,,,20/04/2021
UNITED STATES OF AMERICA,CHICAGO,US,XCBO,CHICAGO BOARD OPTIONS EXCHANGE,CBOE,www.cboe.com,Amérique du Nord,,,,,,20/04/2021
UNITED STATES OF AMERICA,CHICAGO,US,XCBT,CHICAGO BOARD OF TRADE,CBOT,www.cbot.com,Amérique du Nord,,,,,,20/04/2021
UNITED STATES OF AMERICA,CHICAGO,US,XCCX,"CHICAGO CLIMATE EXCHANGE, INC",CCX,www.chicagoclimateexchange.com,Amérique du Nord,,,,,,20/04/2021
UNITED STATES OF AMERICA,CHICAGO,US,XCHI,"CHICAGO STOCK EXCHANGE, INC.",CHX,www.chx.com,Amérique du Nord,,,,,,20/04/2021
UNITED STATES OF AMERICA,CHICAGO,US,XCIS,NATIONAL STOCK EXCHANGE,none,www.cincinnatistock.com,Amérique du Nord,,,,,,20/04/2021
UNITED STATES OF AMERICA,CHICAGO,US,XCME,CHICAGO MERCANTILE EXCHANGE,CME,www.cme.com,Amérique du Nord,,,,,,20/04/2021
UNITED STATES OF AMERICA,CHICAGO,US,XCRC,CHICAGO RICE AND COTTON EXCHANGE,none,,Amérique du Nord,,,,,,20/04/2021
UNITED STATES OF AMERICA,CHICAGO,US,XEUS,US FUTURES EXCHANGE,none,www.usfe.com,Amérique du Nord,,,,,,20/04/2021
UNITED STATES OF AMERICA,CHICAGO,US,XIMM,INTERNATIONAL MONETARY MARKET,none,www.cme.com,Amérique du Nord,,,,,,20/04/2021
UNITED STATES OF AMERICA,CHICAGO,US,XIOM,INDEX AND OPTIONS MARKET,IOM,www.cme.com,Amérique du Nord,,,,,,20/04/2021
UNITED STATES OF AMERICA,CHICAGO,US,XMAC,MID AMERICA COMMODITY EXCHANGE,MidAm,,Amérique du Nord,,,,,,20/04/2021
UNITED STATES OF AMERICA,CHICAGO,US,XMER,MERCHANTS' EXCHANGE,ME,www.merchants-exchange.com,Amérique du Nord,,,,,,20/04/2021
UNITED STATES OF AMERICA,CHICAGO,US,XOCH,"ONECHICAGO, LLC.",none,www.onechicago.com,Amérique du Nord,,,,,,20/04/2021
UNITED STATES OF AMERICA,JERSEY CITY,US,BTEC,ICAP-BROKERTEC,none,www.icap.com/e-broking/brokertec,Amérique du Nord,,,,,,20/04/2021
UNITED STATES OF AMERICA,JERSEY CITY,US,EDGA,DIRECT EDGE ECN (EDGA),none,www.directedge.com/edga,Amérique du Nord,,,,,,20/04/2021
UNITED STATES OF AMERICA,JERSEY CITY,US,EDGX,DIRECT EDGE ECN (EDGX),none,www.directedge.com/edgx,Amérique du Nord,,,,,,20/04/2021
UNITED STATES OF AMERICA,JERSEY CITY,US,TRWB,TRADEWEB LLC,none,www.tradeweb.com,Amérique du Nord,,,,,,20/04/2021
UNITED STATES OF AMERICA,KANSAS CITY,US,BATS,BATS TRADING,BATS,www.batstrading.com,Amérique du Nord,,,,,,20/04/2021
UNITED STATES OF AMERICA,KANSAS CITY,US,XKBT,KANSAS CITY BOARD OF TRADE,KCBT,www.kcbt.com,Amérique du Nord,,,,,,20/04/2021
UNITED STATES OF AMERICA,MINNEAPOLIS,US,XMGE,MINNEAPOLIS GRAIN EXCHANGE,MGE,www.mgex.com,Amérique du Nord,,,,,,20/04/2021
UNITED STATES OF AMERICA,NEW YORK,US,ARCX,NYSE ARCA,none,www.archipelago.com,Amérique du Nord,,,,,,20/04/2021
UNITED STATES OF AMERICA,NEW YORK,US,BIDS,BIDS TRADING L.P.,BIDS,www.bidstrading.com,Amérique du Nord,,,,,,20/04/2021
UNITED STATES OF AMERICA,NEW YORK,US,ICEL,THE ISLAND ECN LTD.,none,www.island.com,Amérique du Nord,,,,,,20/04/2021
UNITED STATES OF AMERICA,NEW YORK,US,ITGI,ITG - POSIT EXCHANGE,none,www.itginc.com/products/posit/index.html,Amérique du Nord,,,,,,20/04/2021
UNITED STATES OF AMERICA,NEW YORK,US,PINX,PINK SHEETS LLC (NQB),none,www.pinksheets.com,Amérique du Nord,,,,,,20/04/2021
UNITED STATES OF AMERICA,NEW YORK,US,PIPE,PIPELINE,none,www.pipelinetrading.com,Amérique du Nord,,,,,,20/04/2021
UNITED STATES OF AMERICA,NEW YORK,US,XASE,AMERICAN STOCK EXCHANGE,AMEX,www.amex.com,Amérique du Nord,,,,,,20/04/2021
UNITED STATES OF AMERICA,NEW YORK,US,XBMK,BONDMART,none,www.percentex.com,Amérique du Nord,,,,,,20/04/2021
UNITED STATES OF AMERICA,NEW YORK,US,XBRT,THE BRUT ECN,BRUT,www.nasdaqtrader.com/eBrut/home.shtm,Amérique du Nord,,,,,,20/04/2021
UNITED STATES OF AMERICA,NEW YORK,US,XCEC,COMMODITIES EXCHANGE CENTER,COMEX,www.nymex.com,Amérique du Nord,,,,,,20/04/2021
UNITED STATES OF AMERICA,NEW YORK,US,XCFF,CANTOR FINANCIAL FURTURES EXCHANGE,CANTOR,www.cantor.com,Amérique du Nord,,,,,,20/04/2021
UNITED STATES OF AMERICA,NEW YORK,US,XISX,"INTERNATIONAL SECURITIES EXCHANGE, LLC.",ISE,www.iseoptions.com,Amérique du Nord,,,,,,20/04/2021
UNITED STATES OF AMERICA,NEW YORK,US,XNAS,NASDAQ,NASDAQ,www.nasdaq.com,Amérique du Nord,,,,,,20/04/2021
UNITED STATES OF AMERICA,NEW YORK,US,XNGS,NASDAQ/NGS (GLOBAL SELECT MARKET),NGS,www.nasdaq.com,Amérique du Nord,,,,,,20/04/2021
UNITED STATES OF AMERICA,NEW YORK,US,XNMS,NASDAQ/NMS (GLOBAL MARKET),none,www.nasdaq.com,Amérique du Nord,,,,,,20/04/2021
UNITED STATES OF AMERICA,NEW YORK,US,XNQL,NQLX,NQLX,www.nqlx.com,Amérique du Nord,,,,,,20/04/2021
UNITED STATES OF AMERICA,NEW YORK,US,XNYF,NEW YORK BOARD OF TRADE,NYBOT,www.nybot.com,Amérique du Nord,,,,,,20/04/2021
UNITED STATES OF AMERICA,NEW YORK,US,XNYM,NEW YORK MERCANTILE EXCHANGE,NYMEX,www.nymex.com,Amérique du Nord,,,,,,20/04/2021
UNITED STATES OF AMERICA,NEW YORK,US,XNYS,"NEW YORK STOCK EXCHANGE, INC.",NYSE,www.nyse.com,Amérique du Nord,,,,,,20/04/2021
UNITED STATES OF AMERICA,PHILADELPHIA,US,XPBT,PHILADELPHIA BOARD OF TRADE,PBOT,www.phlx.com,Amérique du Nord,,,,,,20/04/2021
UNITED STATES OF AMERICA,PHILADELPHIA,US,XPHL,PHILADELPHIA STOCK EXCHANGE,PHLX,www.phlx.com,Amérique du Nord,,,,,,20/04/2021
UNITED STATES OF AMERICA,PHILADELPHIA,US,XPHO,PHILADELPHIA OPTIONS EXCHANGE,none,www.phlx.com,Amérique du Nord,,,,,,20/04/2021
UNITED STATES OF AMERICA,PHOENIX,US,XAZX,ARIZONA STOCK EXCHANGE,AZX,www.azx.com,Amérique du Nord,,,,,,20/04/2021
UNITED STATES OF AMERICA,SAN MATEO,US,HEGX,HEDGESTREET EXCHANGE,none,www.hedgestreet.com,Amérique du Nord,,,,,,20/04/2021
UNITED STATES OF AMERICA,WASHINGTON,US,XOTC,OTC BULLETIN BOARD,OTCBB,www.otcbb.com,Amérique du Nord,,,,,,20/04/2021
UNITED STATES OF AMERICA,WASHINGTON,US,XPOR,PORTAL,none,,Amérique du Nord,,,,,,20/04/2021
ALGERIA,ALGIERS,DZ,XALG,ALGIERS STOCK EXCHANGE,none,,Afrique,,,,,,20/04/2021
BOTSWANA,GABORONO,BW,XBOT,BOTSWANA STOCK EXCHANGE,none,www.mbendi.co.za/exbo.htm,Afrique,,,,,,20/04/2021
CAPE VERDE,PRAIA,CV,XBVC,"CAPE VERDE STOCK EXCHANGE, THE",BVC,www.bvc.cv,Afrique,,,,,,20/04/2021
EGYPT,CAIRO,EG,XCAI,CAIRO AND ALEXANDRIA STOCK EXCHANGE,CASE,www.egyptse.com,Afrique,,,,,,20/04/2021
GHANA,ACCRA,GH,XGHA,GHANA STOCK EXCHANGE,none,www.gse.com.gh,Afrique,,,,,,20/04/2021
IVORY COAST,ABIDJAN,CI,XBRV,BOURSE REGIONALE DES VALEURS MOBILIERES,BRVM,www.brvm.org/,Afrique,,,,,,20/04/2021
KENYA,NAIROBI,KE,XNAI,NAIROBI STOCK EXCHANGE,none,www.nse.co.ke,Afrique,,,,,,20/04/2021
MADAGASCAR,ANTANANARIVO,MG,XMDG,MARCHE INTERBANCAIRE DES DEVISES M.I.D.,none,,Afrique,,,,,,20/04/2021
MALAWI,BLANTYRE,MW,XMSW,MALAWI STOCK EXCHANGE,none,www.mse.co.mw,Afrique,,,,,,20/04/2021
MAURITIUS,PORT LOUIS,MU,XMAU,"STOCK EXCHANGE OF MAURITIUS LTD, THE",none,www.semdex.com,Afrique,,,,,,20/04/2021
MOROCCO,CASABLANCA,MA,XCAS,CASABLANCA STOCK EXCHANGE,none,www.casablanca-bourse.com,Afrique,,,,,,20/04/2021
MOZAMBIQUE,MAPUTO,MZ,XMAP,MAPUTO STOCK  EXCHANGE,none,www.mbendi.co.za/exmz.htm,Afrique,,,,,,20/04/2021
NAMIBIA,WINDHOEK,NA,XNAM,NAMIBIAN STOCK EXCHANGE,none,www.nsx.com.na,Afrique,,,,,,20/04/2021
NIGERIA,LAGOS,NG,XNSA,"NIGERIAN STOCK EXCHANGE,THE",none,www.nse.com.ng,Afrique,,,,,,20/04/2021
PAPUA NEW GUINEA,PORT MORESBY,PG,XPOM,PORT MORESBY STOCK EXCHANGE,none,www.pomsox.com.pg,Afrique,,,,,,20/04/2021
SOUTH AFRICA,JOHANNESBURG,ZA,ALTX,ALTERNATIVE EXCHANGE,ALTX,www.altx.co.za,Afrique,,,,,,20/04/2021
SOUTH AFRICA,JOHANNESBURG,ZA,XBES,BOND EXCHANGE OF SOUTH AFRICA,BESA,www.besa.za.com,Afrique,,,,,,20/04/2021
SOUTH AFRICA,JOHANNESBURG,ZA,XJSE,JSE SECURITIES EXCHANGE,JSE,www.jse.co.za,Afrique,,,,,,20/04/2021
SOUTH AFRICA,JOHANNESBURG,ZA,XSAF,SOUTH AFRICAN FUTURES EXCHANGE,SAFEX,www.safex.co.za,Afrique,,,,,,20/04/2021
SOUTH AFRICA,JOHANNESBURG,ZA,XSFA,SOUTH AFRICAN FUTURES EXCHANGE - AGRICULTURAL MARKET DIVISION,none,www.safex.co.za,Afrique,,,,,,20/04/2021
SOUTH AFRICA,JOHANNESBURG,ZA,YLDX,YIELD-X,none,www.yieldx.co.za,Afrique,,,,,,20/04/2021
SWAZILAND,MBABANE,SZ,XSWA,SWAZILAND STOCK EXCHANGE,SSX,www.ssx.org.sz,Afrique,,,,,,20/04/2021
TANZANIA,DAR ES SALAAM,TZ,XDAR,DAR ES  SALAAM STOCK EXCHANGE,none,www.darstockexchange.com,Afrique,,,,,,20/04/2021
TUNISIA,TUNIS,TN,XTUN,BOURSE DES VALEURS MOBILIERES,BVMT,,Afrique,,,,,,20/04/2021
UGANDA,KAMPALA,UG,XUGA,UGANDA SECURITIES EXCHANGE,USE,www.use.or.ug/home.asp,Afrique,,,,,,20/04/2021
ZAMBIA,LUSAKA,ZM,XLUS,LUSAKA STOCK EXCHANGE,none,www.luse.co.zm,Afrique,,,,,,20/04/2021
ZIMBABWE,HARARE,ZW,XZIM,ZIMBABWE STOCK EXCHANGE,none,www.zse.co.zw,Afrique,,,,,,20/04/2021